{
  "initialization_time_control": 0.0937798023223877,
  "execution_time_control": 16.033544063568115,
  "total_time": 16.127323865890503
}