{
  "initialization_time_control": 0.10293102264404297,
  "execution_time_control": 20.470086812973022,
  "total_time": 20.573017835617065
}