{
  "initialization_time_control": 0.10094380378723145,
  "execution_time_control": 18.175288677215576,
  "total_time": 18.276232481002808
}