{
  "initialization_time_planning": 0.11409378051757812,
  "execution_time_planning": 16.878631830215454,
  "total_time": 16.992725610733032
}